{
  "best_model": "LightGBM",
  "deployed_model": "LightGBM",
  "residual_std": 1.102871675051895,
  "generated_at": "2026-04-12T05:59:09.181802+00:00",
  "models": [
    {
      "Model": "LightGBM",
      "MAE": 0.9692678336562126,
      "RMSE": 1.1028688171881111,
      "R2": 0.9699181980328414,
      "MAPE": 6.748916772108479,
      "CV_RMSE": 1.1010452051999062
    },
    {
      "Model": "XGBoost",
      "MAE": 0.9702833890914917,
      "RMSE": 1.1030473914146228,
      "R2": 0.9699084758758545,
      "MAPE": 6.772507727146149,
      "CV_RMSE": 1.1002695237484441
    },
    {
      "Model": "Random Forest",
      "MAE": 0.9655884917336571,
      "RMSE": 1.1129892473736698,
      "R2": 0.9693635760941133,
      "MAPE": 6.578031255885033,
      "CV_RMSE": 1.1099989779332702
    },
    {
      "Model": "Linear Regression",
      "MAE": 4.266483896538228,
      "RMSE": 5.630291464161826,
      "R2": 0.21599670473701849,
      "MAPE": 34.695409886785065,
      "CV_RMSE": 5.608076399942929
    }
  ]
}